Area,Neighborhood
Andheri,Amboli
Andheri,Chakala
Andheri,D.N. Nagar
Andheri,Four Bungalows
Andheri,JB Nagar
Andheri,Lokhandwala
Andheri,Marol
Andheri,Model Town
Andheri,Oshiwara
Andheri,Poonam Nagar
Andheri,Sahar
Andheri,Saki Naka
Andheri,Seven Bungalows
Andheri,Versova
Mira-Bhayandar,Mira Road
Mira-Bhayandar,Bhayandar
Mira-Bhayandar,Uttan
Mira-Bhayandar,Kashimira
Bandra,Bandra Kurla Complex
Bandra,Bandstand Promenade
Bandra,Gandhi Nagar
Bandra,Kherwadi
Bandra,Land's End
Bandra,Pali Hill
Bandra,Old Town
Bandra,Bandra Reclamation
Borivali,I.C. Colony
Borivali,L.I.C. Colony aka Jeevan Bhima Nagar
Borivali,Eksar Colony
Borivali,Shimpoli
Borivali,Gorai
Borivali,Kora Kendra
Borivali,Vazira Naka
Borivali,Babhai
Borivali,Chikuwadi
Borivali,Yogi Nagar
Dahisar,Magathane
Dahisar,Nancy Colony
Dahisar,Sukurwadi
Goregaon,Aarey Milk Colony
Goregaon,Motilal Nagar
Goregaon,Bangur Nagar
Goregaon,Gokuldham
Goregaon,Jayprakash Nagar
Goregaon,Pandurangwadi
Goregaon,NESCO colony
Jogeshwari,Jogeshwari West
Jogeshwari,Jogeshwari East
Juhu,Charkop
Juhu,Poisar
Juhu,Hindustan Naka
Juhu,Mahavir Nagar
Kandivali west,Samta nagar
Kandivali west,Damu nagar
Kandivali west,Thakur complex
Kandivali west,Thakur village
Kandivali west,Lokandwala township
Kandivali west,Akurli road
Kandivali west,Janupada
Kandivali west,Hanuman nagar
Kandivali east,Pali Naka
Kandivali east,Khar Danda
Khar,Dindoshi
Khar,Sunder Nagar
Khar,Pathanwadi
Khar,Rani Sati Marg
Khar,Malvani
Malad,Kalina
Malad,Vakola
Santacruz,Naigaon
Santacruz,Nalasopara
Vasai,Irla
Virar,Shivaji Talav
Virar,Hanuman Nagar
Virar,Pratap Nagar
Virar,Maharastra Nagar
Virar,JAmil NAgar
Virar,Utkarsh Nagar
Virar,samarth NAgar
Virar,Sahyadri NAgar
Virar,Sarvoday NAgar
Vile Parle,Amrut Nagar
Vile Parle,Asalfa
Vile Parle,Garodia Nagar
Vile Parle,Jagdusha Nagar
Vile Parle,Pant Nagar
Bhandup,Nehru Nagar
Ghatkopar,Nahur
Kanjurmarg,Chandivali
Kanjurmarg,Hiranandani Gardens
Kanjurmarg,Indian Institute of Technology Bombay campus
Kurla,Gandhi Nagar
Kurla,Kannamwar Nagar
Kurla,Vikhroli Park Site
Mulund,Chembur Causeway
Mulund,Dayanand Saraswati Marg
Mulund,P L Lokhande Marg
Mulund,Thakkar Bappa Colony
Powai,Deonar
Vidyavihar,Mahul
Vikhroli,Agripada
Vikhroli,Altamount Road
Vikhroli,Bhuleshwar
Vikhroli,Breach Candy
Vikhroli,Carmichael Road
Vikhroli,Cavel
Vikhroli,Churchgate
Vikhroli,Cotton Green
Vikhroli,Cuffe Parade
Vikhroli,Cumbala Hill
Vikhroli,Currey Road
Vikhroli,Dhobitalao
Vikhroli,Dongri
Vikhroli,Kala Ghoda
Vikhroli,Kemps Corner
Vikhroli,Lalbaug
Vikhroli,Lower Parel
Vikhroli,Mahalaxmi
Vikhroli,Mahim
Vikhroli,Malabar Hill
Vikhroli,"Marine Drive, Mumbai"
Vikhroli,Marine Lines
Vikhroli,Mumbai Central
Vikhroli,Nariman Point
Vikhroli,Prabhadevi
Vikhroli,Sion
Vikhroli,Walkeshwar
Vikhroli,Worli
Chembur,C.G.S. colony
Govandi,Dagdi Chawl
Govandi,Ghodapdeo
Mankhurd,Navy Nagar
Trombay,Hindu colony
Trombay,Parsi Colony
Antop Hill,Ballard Estate
Byculla,Khotachiwadi
Colaba,Chira Bazaar
Colaba,Fanas Wadi
Dadar,Chor Bazaar
Fort,Lalbaug
Girgaon,Gowalia Tank
